[
    {
        "commandName": "say",
        "commandInfo": "Maakt een bericht in de aangegeven channel.",
        "commandUsage": "say <titel> // <bericht> // <channel>"
    },
    {
        "commandName": "ban",
        "commandInfo": "Banned de getagde gebruiker.",
        "commandUsage": "ban <gebruiker> <reden>"
    },
    {
        "commandName": "kick",
        "commandInfo": "Kicked de getagde gebruiker.",
        "commandUsage": "kick <gebruiker> <reden>"
    },
    {
        "commandName": "tempmute",
        "commandInfo": "Mute de getagde gebruiker voor een bepaalde tijd.",
        "commandUsage": "tempmute <gebruiker> <tijd>"
    },
    {
        "commandName": "tempban",
        "commandInfo": "Ban de getagde gebruiker voor een bepaalde tijd.",
        "commandUsage": "tempban <gebruiker> <tijd> <reden>"
    },
    {
        "commandName": "prefix",
        "commandInfo": "Veranderd de prefix.",
        "commandUsage": "prefix <prefix>"
    },
    {
        "commandName": "warn",
        "commandInfo": "Warned de getagde gebruiker.",
        "commandUsage": "warn <gebruiker> <reden>"
    },
    {
        "commandName": "clear",
        "commandInfo": "Verwijderd het aantal opgegeven berichten.",
        "commandUsage": "clear <aantal>"
    },
    {
        "commandName": "botinfo",
        "commandInfo": "Geeft informatie over de bot.",
        "commandUsage": "botinfo"
    },
    {
        "commandName": "serverinfo",
        "commandInfo": "Geeft informatie over de server.",
        "commandUsage": "serverinfo"
    },
    {
        "commandName": "info",
        "commandInfo": "Geeft info over **Gameparty Yes**.",
        "commandUsage": "info"
    }
]
